name,municipality,uf,website,source_url,curated_at
SESC 24 de Maio,São Paulo,SP,,,2026-10-01
SESC Avenida Paulista,São Paulo,SP,,,2026-10-01
SESC Belenzinho,São Paulo,SP,,,2026-10-01
SESC Bom Retiro,São Paulo,SP,,,2026-10-01
SESC Campo Limpo,São Paulo,SP,,,2026-10-01
SESC Carmo,São Paulo,SP,,,2026-10-01
SESC Casa Verde,São Paulo,SP,,,2026-10-01
SESC Consolação,São Paulo,SP,,,2026-10-01
SESC Interlagos,São Paulo,SP,,,2026-10-01
SESC Ipiranga,São Paulo,SP,,,2026-10-01
SESC Itaquera,São Paulo,SP,,,2026-10-01
SESC Parque Dom Pedro II,São Paulo,SP,,,2026-10-01
SESC Pinheiros,São Paulo,SP,,,2026-10-01
SESC Pompeia,São Paulo,SP,,,2026-10-01
SESC Santana,São Paulo,SP,,,2026-10-01
SESC Santo Amaro,São Paulo,SP,,,2026-10-01
SESC Vila Mariana,São Paulo,SP,,,2026-10-01
SESC Araçatuba,Araçatuba,SP,,,2026-10-01
SESC Araraquara,Araraquara,SP,,,2026-10-01
SESC Bauru,Bauru,SP,,,2026-10-01
SESC Bertioga,Bertioga,SP,,,2026-10-01
SESC Campinas,Campinas,SP,,,2026-10-01
SESC Catanduva,Catanduva,SP,,,2026-10-01
SESC Franca,Franca,SP,,,2026-10-01
SESC Guarulhos,Guarulhos,SP,,,2026-10-01
SESC Itu,Itu,SP,,,2026-10-01
SESC Jundiaí,Jundiaí,SP,,,2026-10-01
SESC Marília,Marília,SP,,,2026-10-01
SESC Mogi das Cruzes,Mogi das Cruzes,SP,,,2026-10-01
SESC Osasco,Osasco,SP,,,2026-10-01
SESC Ourinhos,Ourinhos,SP,,,2026-10-01
SESC Piracicaba,Piracicaba,SP,,,2026-10-01
SESC Presidente Prudente,Presidente Prudente,SP,,,2026-10-01
SESC Registro,Registro,SP,,,2026-10-01
SESC Ribeirão Preto,Ribeirão Preto,SP,,,2026-10-01
SESC Santo André,Santo André,SP,,,2026-10-01
SESC Santos,Santos,SP,,,2026-10-01
SESC São Carlos,São Carlos,SP,,,2026-10-01
SESC São Caetano,São Caetano do Sul,SP,,,2026-10-01
SESC São José do Rio Preto,São José do Rio Preto,SP,,,2026-10-01
SESC São José dos Campos,São José dos Campos,SP,,,2026-10-01
SESC Sorocaba,Sorocaba,SP,,,2026-10-01
SESC Taubaté,Taubaté,SP,,,2026-10-01
